Judul,Link
"Wanita di Mojokerto Dimutilasi Pacar Jadi 65 Bagian, Pelaku Ditangkap",https://news.detik.com/berita/d-8100912/wanita-di-mojokerto-dimutilasi-pacar-jadi-65-bagian-pelaku-ditangkap
"Trump Kesal Rusia Terus Serang Ukraina, Ancam Lebih Banyak Sanksi",https://news.detik.com/internasional/d-8100909/trump-kesal-rusia-terus-serang-ukraina-ancam-lebih-banyak-sanksi
"Pramono Ungkap Perbaikan JPO Senen-PMJ Digarap KemenPU, Selesai Desember",https://news.detik.com/berita/d-8100906/pramono-ungkap-perbaikan-jpo-senen-pmj-digarap-kemenpu-selesai-desember
"KY Umumkan 13 Calon Hakim Agung dan 3 Hakim Ad Hoc HAM, Ini Nama-namanya",https://news.detik.com/berita/d-8100890/ky-umumkan-13-calon-hakim-agung-dan-3-hakim-ad-hoc-ham-ini-nama-namanya
Komisi II DPR: Kami Akan Bahas Revisi UU Pemilu Jika Pemerintah Siap,https://news.detik.com/berita/d-8100888/komisi-ii-dpr-kami-akan-bahas-revisi-uu-pemilu-jika-pemerintah-siap
Pramono: Aktivitas Transportasi di Jakarta Sudah Normal Semuanya,https://news.detik.com/berita/d-8100869/pramono-aktivitas-transportasi-di-jakarta-sudah-normal-semuanya
"Pramono Resmikan Halte TransJ Jaga Jakarta, Harap Perusakan Tak Terulang",https://news.detik.com/berita/d-8100864/pramono-resmikan-halte-transj-jaga-jakarta-harap-perusakan-tak-terulang
"Solidaritas Palestina, Lautan Massa Penuhi Ibu Kota Belgia",https://news.detik.com/foto-news/d-8100824/solidaritas-palestina-lautan-massa-penuhi-ibu-kota-belgia
"Wujudkan Green Policing, Polda Riau Beri Bibit Pohon di Gereja Pekanbaru",https://news.detik.com/melindungi-tuah-marwah/d-8100855/wujudkan-green-policing-polda-riau-beri-bibit-pohon-di-gereja-pekanbaru
"Geger Kehamilan Langka di Dunia, Janin Tumbuh di Hati",https://news.detik.com/bbc-world/d-8100837/geger-kehamilan-langka-di-dunia-janin-tumbuh-di-hati
"Kongres Pluralisme Bakal Digelar di Kazakhstan, Tokoh Agama Sedunia Hadir",https://news.detik.com/berita/d-8100836/kongres-pluralisme-bakal-digelar-di-kazakhstan-tokoh-agama-sedunia-hadir
"Fenomena Blood Moon, Masjid Istiqlal Dipadati Jemaah Salat Gerhana",https://news.detik.com/foto-news/d-8100792/fenomena-blood-moon-masjid-istiqlal-dipadati-jemaah-salat-gerhana
Video Trump Terkejut PM Jepang Ishiba Mundur Usai Nego Tarif,https://20.detik.com/detikupdate/20250908-250908018/video-trump-terkejut-pm-jepang-ishiba-mundur-usai-nego-tarif
Video Momen Trump Dicemooh di Final US Open 2025,https://20.detik.com/detikupdate/20250908-250908017/video-momen-trump-dicemooh-di-final-us-open-2025
Polisi Harap Sherina Hadir Klarifikasi soal Kucing Uya Kuya Pagi Ini,https://news.detik.com/berita/d-8100801/polisi-harap-sherina-hadir-klarifikasi-soal-kucing-uya-kuya-pagi-ini
Polisi Tangkap Pria Viral Aniaya Satpam Lansia di Depok,https://news.detik.com/berita/d-8100800/polisi-tangkap-pria-viral-aniaya-satpam-lansia-di-depok
Pendidikan Anak: Pondasi Masa Depan dan Peran Besar Orang Tua,https://news.detik.com/kolom/d-8100790/pendidikan-anak-pondasi-masa-depan-dan-peran-besar-orang-tua
"Situasi Ruko Terbakar di Jalan Fatmawati: Digaris Polisi, Lalin Dialihkan",https://news.detik.com/berita/d-8100785/situasi-ruko-terbakar-di-jalan-fatmawati-digaris-polisi-lalin-dialihkan
"Dukung Palestina, Puluhan Ribu Orang Turun ke Jalan di Ibu Kota Belgia",https://news.detik.com/internasional/d-8100778/dukung-palestina-puluhan-ribu-orang-turun-ke-jalan-di-ibu-kota-belgia
Polres dan Satgas Pangan Serang Gerebek Pabrik Beras Oplosan,https://news.detik.com/berita/d-8100760/polres-dan-satgas-pangan-serang-gerebek-pabrik-beras-oplosan
